[{"family":"MaterialIcons","fonts":[{"asset":"fonts/MaterialIcons-Regular.otf"}]},{"family":"UniversNext","fonts":[{"asset":"fonts/UniversNextforHSBC-Regular.ttf"}]},{"family":"UniversNextThin","fonts":[{"asset":"fonts/UniversNextforHSBC-Thin.ttf"}]},{"family":"UniversNextBold","fonts":[{"asset":"fonts/UniversNextforHSBC-Bold.otf"}]},{"family":"Pacifico","fonts":[{"asset":"fonts/Pacifico-Regular.ttf"}]},{"family":"packages/cupertino_icons/CupertinoIcons","fonts":[{"asset":"packages/cupertino_icons/assets/CupertinoIcons.ttf"}]},{"family":"packages/open_iconic_flutter/OpenIconic","fonts":[{"asset":"packages/open_iconic_flutter/assets/open-iconic.woff"}]}]