{"asset/Banner.png":["asset/Banner.png"],"packages/cupertino_icons/assets/CupertinoIcons.ttf":["packages/cupertino_icons/assets/CupertinoIcons.ttf"],"asset/Engagement-v9.mp4":["asset/Engagement-v9.mp4"],"asset/Image1.png":["asset/Image1.png"],"asset/LowerBanner.png":["asset/LowerBanner.png"],"asset/News1.png":["asset/News1.png"],"asset/News2.png":["asset/News2.png"],"asset/News3.png":["asset/News3.png"],"asset/Our_news_Row1_bg.png":["asset/Our_news_Row1_bg.png"],"fonts/Pacifico-Regular.ttf":["fonts/Pacifico-Regular.ttf"],"asset/RanilPic.png":["asset/RanilPic.png"],"asset/SearchIcon.png":["asset/SearchIcon.png"],"asset/T_Banjamin.png":["asset/T_Banjamin.png"],"asset/T_Charlotte.png":["asset/T_Charlotte.png"],"asset/T_Chris.png":["asset/T_Chris.png"],"asset/T_Faiza.png":["asset/T_Faiza.png"],"asset/T_Laura.png":["asset/T_Laura.png"],"asset/T_Michael_48.png":["asset/T_Michael_48.png"],"asset/T_Navin.png":["asset/T_Navin.png"],"asset/T_Nicola.png":["asset/T_Nicola.png"],"asset/T_Upendra.png":["asset/T_Upendra.png"],"asset/T_Yusuf.png":["asset/T_Yusuf.png"],"asset/T__RichardB.png":["asset/T__RichardB.png"],"asset/T_jeffery.png":["asset/T_jeffery.png"],"asset/T_mitesh.png":["asset/T_mitesh.png"],"asset/T_ranil.png":["asset/T_ranil.png"],"asset/T_richardD.png":["asset/T_richardD.png"],"asset/T_rob.png":["asset/T_rob.png"],"asset/TopBanner.png":["asset/TopBanner.png"],"fonts/UniversNextforHSBC-Bold.otf":["fonts/UniversNextforHSBC-Bold.otf"],"fonts/UniversNextforHSBC-Regular.ttf":["fonts/UniversNextforHSBC-Regular.ttf"],"fonts/UniversNextforHSBC-Thin.ttf":["fonts/UniversNextforHSBC-Thin.ttf"],"asset/Untitled-1_03.png":["asset/Untitled-1_03.png"],"asset/Untitled-1_05.png":["asset/Untitled-1_05.png"],"asset/Untitled-1_07.png":["asset/Untitled-1_07.png"],"asset/Untitled-1_12.png":["asset/Untitled-1_12.png"],"asset/Untitled-1_13.png":["asset/Untitled-1_13.png"],"asset/Untitled-1_14.png":["asset/Untitled-1_14.png"],"asset/Video.png":["asset/Video.png"],"asset/VideoThumnail.png":["asset/VideoThumnail.png"],"asset/Website-%2520StyleGuide.png":["asset/Website-%2520StyleGuide.png"],"asset/Who%20We%20Are%20-%20Our%20News.docx%20-%20Shortcut.lnk":["asset/Who%20We%20Are%20-%20Our%20News.docx%20-%20Shortcut.lnk"],"asset/hsbc-logo.png":["asset/hsbc-logo.png"],"asset/landing_ournews_section.PNG":["asset/landing_ournews_section.PNG"],"asset/noel_video.mp4":["asset/noel_video.mp4"],"packages/open_iconic_flutter/assets/open-iconic.woff":["packages/open_iconic_flutter/assets/open-iconic.woff"],"asset/our_news_1.png":["asset/our_news_1.png"],"asset/our_news_2.png":["asset/our_news_2.png"],"asset/our_news_3.png":["asset/our_news_3.png"],"asset/our_news_4.png":["asset/our_news_4.png"],"asset/our_news_5.png":["asset/our_news_5.png"],"asset/row1_banner.png":["asset/row1_banner.png"],"asset/row1_bg.png":["asset/row1_bg.png"],"asset/row3-fg.png":["asset/row3-fg.png"],"asset/row3_01.png":["asset/row3_01.png"],"asset/row3_02.png":["asset/row3_02.png"],"asset/row3_03.png":["asset/row3_03.png"],"asset/row3_04.png":["asset/row3_04.png"],"asset/team_all_in_one.png":["asset/team_all_in_one.png"],"asset/world_map.png":["asset/world_map.png"]}